Expiration Date,symbol,Base,Moneyness
2022-05-20,FUTURE_VOL_REUTERS,1BO,50
2022-05-20,FUTURE_VOL_REUTERS,1BO,60
2022-05-20,FUTURE_VOL_REUTERS,1BO,70
2022-05-20,FUTURE_VOL_REUTERS,1BO,75
2022-05-20,FUTURE_VOL_REUTERS,1BO,80
2022-05-20,FUTURE_VOL_REUTERS,1BO,85
2022-05-20,FUTURE_VOL_REUTERS,1BO,90
2022-05-20,FUTURE_VOL_REUTERS,1BO,95
2022-05-20,FUTURE_VOL_REUTERS,1BO,100
2022-05-20,FUTURE_VOL_REUTERS,1BO,105
2022-05-20,FUTURE_VOL_REUTERS,1BO,110
2022-05-20,FUTURE_VOL_REUTERS,1BO,115
2022-05-20,FUTURE_VOL_REUTERS,1BO,120
2022-05-20,FUTURE_VOL_REUTERS,1BO,125
2022-05-20,FUTURE_VOL_REUTERS,1BO,130
2022-05-20,FUTURE_VOL_REUTERS,1BO,140
2022-05-20,FUTURE_VOL_REUTERS,1BO,150
2022-06-24,FUTURE_VOL_REUTERS,1BO,50
2022-06-24,FUTURE_VOL_REUTERS,1BO,60
2022-06-24,FUTURE_VOL_REUTERS,1BO,70
2022-06-24,FUTURE_VOL_REUTERS,1BO,75
2022-06-24,FUTURE_VOL_REUTERS,1BO,80
2022-06-24,FUTURE_VOL_REUTERS,1BO,85
2022-06-24,FUTURE_VOL_REUTERS,1BO,90
2022-06-24,FUTURE_VOL_REUTERS,1BO,95
2022-06-24,FUTURE_VOL_REUTERS,1BO,100
2022-06-24,FUTURE_VOL_REUTERS,1BO,105
2022-06-24,FUTURE_VOL_REUTERS,1BO,110
2022-06-24,FUTURE_VOL_REUTERS,1BO,115
2022-06-24,FUTURE_VOL_REUTERS,1BO,120
2022-06-24,FUTURE_VOL_REUTERS,1BO,125
2022-06-24,FUTURE_VOL_REUTERS,1BO,130
2022-06-24,FUTURE_VOL_REUTERS,1BO,140
2022-06-24,FUTURE_VOL_REUTERS,1BO,150
2022-07-22,FUTURE_VOL_REUTERS,1BO,50
2022-07-22,FUTURE_VOL_REUTERS,1BO,60
2022-07-22,FUTURE_VOL_REUTERS,1BO,70
2022-07-22,FUTURE_VOL_REUTERS,1BO,75
2022-07-22,FUTURE_VOL_REUTERS,1BO,80
2022-07-22,FUTURE_VOL_REUTERS,1BO,85
2022-07-22,FUTURE_VOL_REUTERS,1BO,90
2022-07-22,FUTURE_VOL_REUTERS,1BO,95
2022-07-22,FUTURE_VOL_REUTERS,1BO,100
2022-07-22,FUTURE_VOL_REUTERS,1BO,105
2022-07-22,FUTURE_VOL_REUTERS,1BO,110
2022-07-22,FUTURE_VOL_REUTERS,1BO,115
2022-07-22,FUTURE_VOL_REUTERS,1BO,120
2022-07-22,FUTURE_VOL_REUTERS,1BO,125
2022-07-22,FUTURE_VOL_REUTERS,1BO,130
2022-07-22,FUTURE_VOL_REUTERS,1BO,140
2022-07-22,FUTURE_VOL_REUTERS,1BO,150
2022-08-26,FUTURE_VOL_REUTERS,1BO,50
2022-08-26,FUTURE_VOL_REUTERS,1BO,60
2022-08-26,FUTURE_VOL_REUTERS,1BO,70
2022-08-26,FUTURE_VOL_REUTERS,1BO,75
2022-08-26,FUTURE_VOL_REUTERS,1BO,80
2022-08-26,FUTURE_VOL_REUTERS,1BO,85
2022-08-26,FUTURE_VOL_REUTERS,1BO,90
2022-08-26,FUTURE_VOL_REUTERS,1BO,95
2022-08-26,FUTURE_VOL_REUTERS,1BO,100
2022-08-26,FUTURE_VOL_REUTERS,1BO,105
2022-08-26,FUTURE_VOL_REUTERS,1BO,110
2022-08-26,FUTURE_VOL_REUTERS,1BO,115
2022-08-26,FUTURE_VOL_REUTERS,1BO,120
2022-08-26,FUTURE_VOL_REUTERS,1BO,125
2022-08-26,FUTURE_VOL_REUTERS,1BO,130
2022-08-26,FUTURE_VOL_REUTERS,1BO,140
2022-08-26,FUTURE_VOL_REUTERS,1BO,150
2022-09-23,FUTURE_VOL_REUTERS,1BO,50
2022-09-23,FUTURE_VOL_REUTERS,1BO,60
2022-09-23,FUTURE_VOL_REUTERS,1BO,70
2022-09-23,FUTURE_VOL_REUTERS,1BO,75
2022-09-23,FUTURE_VOL_REUTERS,1BO,80
2022-09-23,FUTURE_VOL_REUTERS,1BO,85
2022-09-23,FUTURE_VOL_REUTERS,1BO,90
2022-09-23,FUTURE_VOL_REUTERS,1BO,95
2022-09-23,FUTURE_VOL_REUTERS,1BO,100
2022-09-23,FUTURE_VOL_REUTERS,1BO,105
2022-09-23,FUTURE_VOL_REUTERS,1BO,110
2022-09-23,FUTURE_VOL_REUTERS,1BO,115
2022-09-23,FUTURE_VOL_REUTERS,1BO,120
2022-09-23,FUTURE_VOL_REUTERS,1BO,125
2022-09-23,FUTURE_VOL_REUTERS,1BO,130
2022-09-23,FUTURE_VOL_REUTERS,1BO,140
2022-09-23,FUTURE_VOL_REUTERS,1BO,150
2022-11-25,FUTURE_VOL_REUTERS,1BO,50
2022-11-25,FUTURE_VOL_REUTERS,1BO,60
2022-11-25,FUTURE_VOL_REUTERS,1BO,70
2022-11-25,FUTURE_VOL_REUTERS,1BO,75
2022-11-25,FUTURE_VOL_REUTERS,1BO,80
2022-11-25,FUTURE_VOL_REUTERS,1BO,85
2022-11-25,FUTURE_VOL_REUTERS,1BO,90
2022-11-25,FUTURE_VOL_REUTERS,1BO,95
2022-11-25,FUTURE_VOL_REUTERS,1BO,100
2022-11-25,FUTURE_VOL_REUTERS,1BO,105
2022-11-25,FUTURE_VOL_REUTERS,1BO,110
2022-11-25,FUTURE_VOL_REUTERS,1BO,115
2022-11-25,FUTURE_VOL_REUTERS,1BO,120
2022-11-25,FUTURE_VOL_REUTERS,1BO,125
2022-11-25,FUTURE_VOL_REUTERS,1BO,130
2022-11-25,FUTURE_VOL_REUTERS,1BO,140
2022-11-25,FUTURE_VOL_REUTERS,1BO,150
2022-12-23,FUTURE_VOL_REUTERS,1BO,50
2022-12-23,FUTURE_VOL_REUTERS,1BO,60
2022-12-23,FUTURE_VOL_REUTERS,1BO,70
2022-12-23,FUTURE_VOL_REUTERS,1BO,75
2022-12-23,FUTURE_VOL_REUTERS,1BO,80
2022-12-23,FUTURE_VOL_REUTERS,1BO,85
2022-12-23,FUTURE_VOL_REUTERS,1BO,90
2022-12-23,FUTURE_VOL_REUTERS,1BO,95
2022-12-23,FUTURE_VOL_REUTERS,1BO,100
2022-12-23,FUTURE_VOL_REUTERS,1BO,105
2022-12-23,FUTURE_VOL_REUTERS,1BO,110
2022-12-23,FUTURE_VOL_REUTERS,1BO,115
2022-12-23,FUTURE_VOL_REUTERS,1BO,120
2022-12-23,FUTURE_VOL_REUTERS,1BO,125
2022-12-23,FUTURE_VOL_REUTERS,1BO,130
2022-12-23,FUTURE_VOL_REUTERS,1BO,140
2022-12-23,FUTURE_VOL_REUTERS,1BO,150
2023-02-24,FUTURE_VOL_REUTERS,1BO,50
2023-02-24,FUTURE_VOL_REUTERS,1BO,60
2023-02-24,FUTURE_VOL_REUTERS,1BO,70
2023-02-24,FUTURE_VOL_REUTERS,1BO,75
2023-02-24,FUTURE_VOL_REUTERS,1BO,80
2023-02-24,FUTURE_VOL_REUTERS,1BO,85
2023-02-24,FUTURE_VOL_REUTERS,1BO,90
2023-02-24,FUTURE_VOL_REUTERS,1BO,95
2023-02-24,FUTURE_VOL_REUTERS,1BO,100
2023-02-24,FUTURE_VOL_REUTERS,1BO,105
2023-02-24,FUTURE_VOL_REUTERS,1BO,110
2023-02-24,FUTURE_VOL_REUTERS,1BO,115
2023-02-24,FUTURE_VOL_REUTERS,1BO,120
2023-02-24,FUTURE_VOL_REUTERS,1BO,125
2023-02-24,FUTURE_VOL_REUTERS,1BO,130
2023-02-24,FUTURE_VOL_REUTERS,1BO,140
2023-02-24,FUTURE_VOL_REUTERS,1BO,150
2023-04-21,FUTURE_VOL_REUTERS,1BO,50
2023-04-21,FUTURE_VOL_REUTERS,1BO,60
2023-04-21,FUTURE_VOL_REUTERS,1BO,70
2023-04-21,FUTURE_VOL_REUTERS,1BO,75
2023-04-21,FUTURE_VOL_REUTERS,1BO,80
2023-04-21,FUTURE_VOL_REUTERS,1BO,85
2023-04-21,FUTURE_VOL_REUTERS,1BO,90
2023-04-21,FUTURE_VOL_REUTERS,1BO,95
2023-04-21,FUTURE_VOL_REUTERS,1BO,100
2023-04-21,FUTURE_VOL_REUTERS,1BO,105
2023-04-21,FUTURE_VOL_REUTERS,1BO,110
2023-04-21,FUTURE_VOL_REUTERS,1BO,115
2023-04-21,FUTURE_VOL_REUTERS,1BO,120
2023-04-21,FUTURE_VOL_REUTERS,1BO,125
2023-04-21,FUTURE_VOL_REUTERS,1BO,130
2023-04-21,FUTURE_VOL_REUTERS,1BO,140
2023-04-21,FUTURE_VOL_REUTERS,1BO,150
2023-06-23,FUTURE_VOL_REUTERS,1BO,50
2023-06-23,FUTURE_VOL_REUTERS,1BO,60
2023-06-23,FUTURE_VOL_REUTERS,1BO,70
2023-06-23,FUTURE_VOL_REUTERS,1BO,75
2023-06-23,FUTURE_VOL_REUTERS,1BO,80
2023-06-23,FUTURE_VOL_REUTERS,1BO,85
2023-06-23,FUTURE_VOL_REUTERS,1BO,90
2023-06-23,FUTURE_VOL_REUTERS,1BO,95
2023-06-23,FUTURE_VOL_REUTERS,1BO,100
2023-06-23,FUTURE_VOL_REUTERS,1BO,105
2023-06-23,FUTURE_VOL_REUTERS,1BO,110
2023-06-23,FUTURE_VOL_REUTERS,1BO,115
2023-06-23,FUTURE_VOL_REUTERS,1BO,120
2023-06-23,FUTURE_VOL_REUTERS,1BO,125
2023-06-23,FUTURE_VOL_REUTERS,1BO,130
2023-06-23,FUTURE_VOL_REUTERS,1BO,140
2023-06-23,FUTURE_VOL_REUTERS,1BO,150
2023-07-21,FUTURE_VOL_REUTERS,1BO,50
2023-07-21,FUTURE_VOL_REUTERS,1BO,60
2023-07-21,FUTURE_VOL_REUTERS,1BO,70
2023-07-21,FUTURE_VOL_REUTERS,1BO,75
2023-07-21,FUTURE_VOL_REUTERS,1BO,80
2023-07-21,FUTURE_VOL_REUTERS,1BO,85
2023-07-21,FUTURE_VOL_REUTERS,1BO,90
2023-07-21,FUTURE_VOL_REUTERS,1BO,95
2023-07-21,FUTURE_VOL_REUTERS,1BO,100
2023-07-21,FUTURE_VOL_REUTERS,1BO,105
2023-07-21,FUTURE_VOL_REUTERS,1BO,110
2023-07-21,FUTURE_VOL_REUTERS,1BO,115
2023-07-21,FUTURE_VOL_REUTERS,1BO,120
2023-07-21,FUTURE_VOL_REUTERS,1BO,125
2023-07-21,FUTURE_VOL_REUTERS,1BO,130
2023-07-21,FUTURE_VOL_REUTERS,1BO,140
2023-07-21,FUTURE_VOL_REUTERS,1BO,150
2023-11-24,FUTURE_VOL_REUTERS,1BO,50
2023-11-24,FUTURE_VOL_REUTERS,1BO,60
2023-11-24,FUTURE_VOL_REUTERS,1BO,70
2023-11-24,FUTURE_VOL_REUTERS,1BO,75
2023-11-24,FUTURE_VOL_REUTERS,1BO,80
2023-11-24,FUTURE_VOL_REUTERS,1BO,85
2023-11-24,FUTURE_VOL_REUTERS,1BO,90
2023-11-24,FUTURE_VOL_REUTERS,1BO,95
2023-11-24,FUTURE_VOL_REUTERS,1BO,100
2023-11-24,FUTURE_VOL_REUTERS,1BO,105
2023-11-24,FUTURE_VOL_REUTERS,1BO,110
2023-11-24,FUTURE_VOL_REUTERS,1BO,115
2023-11-24,FUTURE_VOL_REUTERS,1BO,120
2023-11-24,FUTURE_VOL_REUTERS,1BO,125
2023-11-24,FUTURE_VOL_REUTERS,1BO,130
2023-11-24,FUTURE_VOL_REUTERS,1BO,140
2023-11-24,FUTURE_VOL_REUTERS,1BO,150
2022-05-20,FUTURE_VOL_REUTERS,1C,50
2022-05-20,FUTURE_VOL_REUTERS,1C,60
2022-05-20,FUTURE_VOL_REUTERS,1C,70
2022-05-20,FUTURE_VOL_REUTERS,1C,75
2022-05-20,FUTURE_VOL_REUTERS,1C,80
2022-05-20,FUTURE_VOL_REUTERS,1C,85
2022-05-20,FUTURE_VOL_REUTERS,1C,90
2022-05-20,FUTURE_VOL_REUTERS,1C,95
2022-05-20,FUTURE_VOL_REUTERS,1C,100
2022-05-20,FUTURE_VOL_REUTERS,1C,105
2022-05-20,FUTURE_VOL_REUTERS,1C,110
2022-05-20,FUTURE_VOL_REUTERS,1C,115
2022-05-20,FUTURE_VOL_REUTERS,1C,120
2022-05-20,FUTURE_VOL_REUTERS,1C,125
2022-05-20,FUTURE_VOL_REUTERS,1C,130
2022-05-20,FUTURE_VOL_REUTERS,1C,140
2022-05-20,FUTURE_VOL_REUTERS,1C,150
2022-06-24,FUTURE_VOL_REUTERS,1C,50
2022-06-24,FUTURE_VOL_REUTERS,1C,60
2022-06-24,FUTURE_VOL_REUTERS,1C,70
2022-06-24,FUTURE_VOL_REUTERS,1C,75
2022-06-24,FUTURE_VOL_REUTERS,1C,80
2022-06-24,FUTURE_VOL_REUTERS,1C,85
2022-06-24,FUTURE_VOL_REUTERS,1C,90
2022-06-24,FUTURE_VOL_REUTERS,1C,95
2022-06-24,FUTURE_VOL_REUTERS,1C,100
2022-06-24,FUTURE_VOL_REUTERS,1C,105
2022-06-24,FUTURE_VOL_REUTERS,1C,110
2022-06-24,FUTURE_VOL_REUTERS,1C,115
2022-06-24,FUTURE_VOL_REUTERS,1C,120
2022-06-24,FUTURE_VOL_REUTERS,1C,125
2022-06-24,FUTURE_VOL_REUTERS,1C,130
2022-06-24,FUTURE_VOL_REUTERS,1C,140
2022-06-24,FUTURE_VOL_REUTERS,1C,150
2022-07-22,FUTURE_VOL_REUTERS,1C,50
2022-07-22,FUTURE_VOL_REUTERS,1C,60
2022-07-22,FUTURE_VOL_REUTERS,1C,70
2022-07-22,FUTURE_VOL_REUTERS,1C,75
2022-07-22,FUTURE_VOL_REUTERS,1C,80
2022-07-22,FUTURE_VOL_REUTERS,1C,85
2022-07-22,FUTURE_VOL_REUTERS,1C,90
2022-07-22,FUTURE_VOL_REUTERS,1C,95
2022-07-22,FUTURE_VOL_REUTERS,1C,100
2022-07-22,FUTURE_VOL_REUTERS,1C,105
2022-07-22,FUTURE_VOL_REUTERS,1C,110
2022-07-22,FUTURE_VOL_REUTERS,1C,115
2022-07-22,FUTURE_VOL_REUTERS,1C,120
2022-07-22,FUTURE_VOL_REUTERS,1C,125
2022-07-22,FUTURE_VOL_REUTERS,1C,130
2022-07-22,FUTURE_VOL_REUTERS,1C,140
2022-07-22,FUTURE_VOL_REUTERS,1C,150
2022-08-26,FUTURE_VOL_REUTERS,1C,50
2022-08-26,FUTURE_VOL_REUTERS,1C,60
2022-08-26,FUTURE_VOL_REUTERS,1C,70
2022-08-26,FUTURE_VOL_REUTERS,1C,75
2022-08-26,FUTURE_VOL_REUTERS,1C,80
2022-08-26,FUTURE_VOL_REUTERS,1C,85
2022-08-26,FUTURE_VOL_REUTERS,1C,90
2022-08-26,FUTURE_VOL_REUTERS,1C,95
2022-08-26,FUTURE_VOL_REUTERS,1C,100
2022-08-26,FUTURE_VOL_REUTERS,1C,105
2022-08-26,FUTURE_VOL_REUTERS,1C,110
2022-08-26,FUTURE_VOL_REUTERS,1C,115
2022-08-26,FUTURE_VOL_REUTERS,1C,120
2022-08-26,FUTURE_VOL_REUTERS,1C,125
2022-08-26,FUTURE_VOL_REUTERS,1C,130
2022-08-26,FUTURE_VOL_REUTERS,1C,140
2022-08-26,FUTURE_VOL_REUTERS,1C,150
2022-11-25,FUTURE_VOL_REUTERS,1C,50
2022-11-25,FUTURE_VOL_REUTERS,1C,60
2022-11-25,FUTURE_VOL_REUTERS,1C,70
2022-11-25,FUTURE_VOL_REUTERS,1C,75
2022-11-25,FUTURE_VOL_REUTERS,1C,80
2022-11-25,FUTURE_VOL_REUTERS,1C,85
2022-11-25,FUTURE_VOL_REUTERS,1C,90
2022-11-25,FUTURE_VOL_REUTERS,1C,95
2022-11-25,FUTURE_VOL_REUTERS,1C,100
2022-11-25,FUTURE_VOL_REUTERS,1C,105
2022-11-25,FUTURE_VOL_REUTERS,1C,110
2022-11-25,FUTURE_VOL_REUTERS,1C,115
2022-11-25,FUTURE_VOL_REUTERS,1C,120
2022-11-25,FUTURE_VOL_REUTERS,1C,125
2022-11-25,FUTURE_VOL_REUTERS,1C,130
2022-11-25,FUTURE_VOL_REUTERS,1C,140
2022-11-25,FUTURE_VOL_REUTERS,1C,150
2023-02-24,FUTURE_VOL_REUTERS,1C,50
2023-02-24,FUTURE_VOL_REUTERS,1C,60
2023-02-24,FUTURE_VOL_REUTERS,1C,70
2023-02-24,FUTURE_VOL_REUTERS,1C,75
2023-02-24,FUTURE_VOL_REUTERS,1C,80
2023-02-24,FUTURE_VOL_REUTERS,1C,85
2023-02-24,FUTURE_VOL_REUTERS,1C,90
2023-02-24,FUTURE_VOL_REUTERS,1C,95
2023-02-24,FUTURE_VOL_REUTERS,1C,100
2023-02-24,FUTURE_VOL_REUTERS,1C,105
2023-02-24,FUTURE_VOL_REUTERS,1C,110
2023-02-24,FUTURE_VOL_REUTERS,1C,115
2023-02-24,FUTURE_VOL_REUTERS,1C,120
2023-02-24,FUTURE_VOL_REUTERS,1C,125
2023-02-24,FUTURE_VOL_REUTERS,1C,130
2023-02-24,FUTURE_VOL_REUTERS,1C,140
2023-02-24,FUTURE_VOL_REUTERS,1C,150
2023-04-21,FUTURE_VOL_REUTERS,1C,50
2023-04-21,FUTURE_VOL_REUTERS,1C,60
2023-04-21,FUTURE_VOL_REUTERS,1C,70
2023-04-21,FUTURE_VOL_REUTERS,1C,75
2023-04-21,FUTURE_VOL_REUTERS,1C,80
2023-04-21,FUTURE_VOL_REUTERS,1C,85
2023-04-21,FUTURE_VOL_REUTERS,1C,90
2023-04-21,FUTURE_VOL_REUTERS,1C,95
2023-04-21,FUTURE_VOL_REUTERS,1C,100
2023-04-21,FUTURE_VOL_REUTERS,1C,105
2023-04-21,FUTURE_VOL_REUTERS,1C,110
2023-04-21,FUTURE_VOL_REUTERS,1C,115
2023-04-21,FUTURE_VOL_REUTERS,1C,120
2023-04-21,FUTURE_VOL_REUTERS,1C,125
2023-04-21,FUTURE_VOL_REUTERS,1C,130
2023-04-21,FUTURE_VOL_REUTERS,1C,140
2023-04-21,FUTURE_VOL_REUTERS,1C,150
2023-06-23,FUTURE_VOL_REUTERS,1C,50
2023-06-23,FUTURE_VOL_REUTERS,1C,60
2023-06-23,FUTURE_VOL_REUTERS,1C,70
2023-06-23,FUTURE_VOL_REUTERS,1C,75
2023-06-23,FUTURE_VOL_REUTERS,1C,80
2023-06-23,FUTURE_VOL_REUTERS,1C,85
2023-06-23,FUTURE_VOL_REUTERS,1C,90
2023-06-23,FUTURE_VOL_REUTERS,1C,95
2023-06-23,FUTURE_VOL_REUTERS,1C,100
2023-06-23,FUTURE_VOL_REUTERS,1C,105
2023-06-23,FUTURE_VOL_REUTERS,1C,110
2023-06-23,FUTURE_VOL_REUTERS,1C,115
2023-06-23,FUTURE_VOL_REUTERS,1C,120
2023-06-23,FUTURE_VOL_REUTERS,1C,125
2023-06-23,FUTURE_VOL_REUTERS,1C,130
2023-06-23,FUTURE_VOL_REUTERS,1C,140
2023-06-23,FUTURE_VOL_REUTERS,1C,150
2023-08-25,FUTURE_VOL_REUTERS,1C,50
2023-08-25,FUTURE_VOL_REUTERS,1C,60
2023-08-25,FUTURE_VOL_REUTERS,1C,70
2023-08-25,FUTURE_VOL_REUTERS,1C,75
2023-08-25,FUTURE_VOL_REUTERS,1C,80
2023-08-25,FUTURE_VOL_REUTERS,1C,85
2023-08-25,FUTURE_VOL_REUTERS,1C,90
2023-08-25,FUTURE_VOL_REUTERS,1C,95
2023-08-25,FUTURE_VOL_REUTERS,1C,100
2023-08-25,FUTURE_VOL_REUTERS,1C,105
2023-08-25,FUTURE_VOL_REUTERS,1C,110
2023-08-25,FUTURE_VOL_REUTERS,1C,115
2023-08-25,FUTURE_VOL_REUTERS,1C,120
2023-08-25,FUTURE_VOL_REUTERS,1C,125
2023-08-25,FUTURE_VOL_REUTERS,1C,130
2023-08-25,FUTURE_VOL_REUTERS,1C,140
2023-08-25,FUTURE_VOL_REUTERS,1C,150
2023-11-24,FUTURE_VOL_REUTERS,1C,50
2023-11-24,FUTURE_VOL_REUTERS,1C,60
2023-11-24,FUTURE_VOL_REUTERS,1C,70
2023-11-24,FUTURE_VOL_REUTERS,1C,75
2023-11-24,FUTURE_VOL_REUTERS,1C,80
2023-11-24,FUTURE_VOL_REUTERS,1C,85
2023-11-24,FUTURE_VOL_REUTERS,1C,90
2023-11-24,FUTURE_VOL_REUTERS,1C,95
2023-11-24,FUTURE_VOL_REUTERS,1C,100
2023-11-24,FUTURE_VOL_REUTERS,1C,105
2023-11-24,FUTURE_VOL_REUTERS,1C,110
2023-11-24,FUTURE_VOL_REUTERS,1C,115
2023-11-24,FUTURE_VOL_REUTERS,1C,120
2023-11-24,FUTURE_VOL_REUTERS,1C,125
2023-11-24,FUTURE_VOL_REUTERS,1C,130
2023-11-24,FUTURE_VOL_REUTERS,1C,140
2023-11-24,FUTURE_VOL_REUTERS,1C,150
2024-06-21,FUTURE_VOL_REUTERS,1C,50
2024-06-21,FUTURE_VOL_REUTERS,1C,60
2024-06-21,FUTURE_VOL_REUTERS,1C,70
2024-06-21,FUTURE_VOL_REUTERS,1C,75
2024-06-21,FUTURE_VOL_REUTERS,1C,80
2024-06-21,FUTURE_VOL_REUTERS,1C,85
2024-06-21,FUTURE_VOL_REUTERS,1C,90
2024-06-21,FUTURE_VOL_REUTERS,1C,95
2024-06-21,FUTURE_VOL_REUTERS,1C,100
2024-06-21,FUTURE_VOL_REUTERS,1C,105
2024-06-21,FUTURE_VOL_REUTERS,1C,110
2024-06-21,FUTURE_VOL_REUTERS,1C,115
2024-06-21,FUTURE_VOL_REUTERS,1C,120
2024-06-21,FUTURE_VOL_REUTERS,1C,125
2024-06-21,FUTURE_VOL_REUTERS,1C,130
2024-06-21,FUTURE_VOL_REUTERS,1C,140
2024-06-21,FUTURE_VOL_REUTERS,1C,150
2024-11-22,FUTURE_VOL_REUTERS,1C,50
2024-11-22,FUTURE_VOL_REUTERS,1C,60
2024-11-22,FUTURE_VOL_REUTERS,1C,70
2024-11-22,FUTURE_VOL_REUTERS,1C,75
2024-11-22,FUTURE_VOL_REUTERS,1C,80
2024-11-22,FUTURE_VOL_REUTERS,1C,85
2024-11-22,FUTURE_VOL_REUTERS,1C,90
2024-11-22,FUTURE_VOL_REUTERS,1C,95
2024-11-22,FUTURE_VOL_REUTERS,1C,100
2024-11-22,FUTURE_VOL_REUTERS,1C,105
2024-11-22,FUTURE_VOL_REUTERS,1C,110
2024-11-22,FUTURE_VOL_REUTERS,1C,115
2024-11-22,FUTURE_VOL_REUTERS,1C,120
2024-11-22,FUTURE_VOL_REUTERS,1C,125
2024-11-22,FUTURE_VOL_REUTERS,1C,130
2024-11-22,FUTURE_VOL_REUTERS,1C,140
2024-11-22,FUTURE_VOL_REUTERS,1C,150
2022-05-20,FUTURE_VOL_REUTERS,1KW,50
2022-05-20,FUTURE_VOL_REUTERS,1KW,60
2022-05-20,FUTURE_VOL_REUTERS,1KW,70
2022-05-20,FUTURE_VOL_REUTERS,1KW,75
2022-05-20,FUTURE_VOL_REUTERS,1KW,80
2022-05-20,FUTURE_VOL_REUTERS,1KW,85
2022-05-20,FUTURE_VOL_REUTERS,1KW,90
2022-05-20,FUTURE_VOL_REUTERS,1KW,95
2022-05-20,FUTURE_VOL_REUTERS,1KW,100
2022-05-20,FUTURE_VOL_REUTERS,1KW,105
2022-05-20,FUTURE_VOL_REUTERS,1KW,110
2022-05-20,FUTURE_VOL_REUTERS,1KW,115
2022-05-20,FUTURE_VOL_REUTERS,1KW,120
2022-05-20,FUTURE_VOL_REUTERS,1KW,125
2022-05-20,FUTURE_VOL_REUTERS,1KW,130
2022-05-20,FUTURE_VOL_REUTERS,1KW,140
2022-05-20,FUTURE_VOL_REUTERS,1KW,150
2022-06-24,FUTURE_VOL_REUTERS,1KW,50
2022-06-24,FUTURE_VOL_REUTERS,1KW,60
2022-06-24,FUTURE_VOL_REUTERS,1KW,70
2022-06-24,FUTURE_VOL_REUTERS,1KW,75
2022-06-24,FUTURE_VOL_REUTERS,1KW,80
2022-06-24,FUTURE_VOL_REUTERS,1KW,85
2022-06-24,FUTURE_VOL_REUTERS,1KW,90
2022-06-24,FUTURE_VOL_REUTERS,1KW,95
2022-06-24,FUTURE_VOL_REUTERS,1KW,100
2022-06-24,FUTURE_VOL_REUTERS,1KW,105
2022-06-24,FUTURE_VOL_REUTERS,1KW,110
2022-06-24,FUTURE_VOL_REUTERS,1KW,115
2022-06-24,FUTURE_VOL_REUTERS,1KW,120
2022-06-24,FUTURE_VOL_REUTERS,1KW,125
2022-06-24,FUTURE_VOL_REUTERS,1KW,130
2022-06-24,FUTURE_VOL_REUTERS,1KW,140
2022-06-24,FUTURE_VOL_REUTERS,1KW,150
2022-07-22,FUTURE_VOL_REUTERS,1KW,50
2022-07-22,FUTURE_VOL_REUTERS,1KW,60
2022-07-22,FUTURE_VOL_REUTERS,1KW,70
2022-07-22,FUTURE_VOL_REUTERS,1KW,75
2022-07-22,FUTURE_VOL_REUTERS,1KW,80
2022-07-22,FUTURE_VOL_REUTERS,1KW,85
2022-07-22,FUTURE_VOL_REUTERS,1KW,90
2022-07-22,FUTURE_VOL_REUTERS,1KW,95
2022-07-22,FUTURE_VOL_REUTERS,1KW,100
2022-07-22,FUTURE_VOL_REUTERS,1KW,105
2022-07-22,FUTURE_VOL_REUTERS,1KW,110
2022-07-22,FUTURE_VOL_REUTERS,1KW,115
2022-07-22,FUTURE_VOL_REUTERS,1KW,120
2022-07-22,FUTURE_VOL_REUTERS,1KW,125
2022-07-22,FUTURE_VOL_REUTERS,1KW,130
2022-07-22,FUTURE_VOL_REUTERS,1KW,140
2022-07-22,FUTURE_VOL_REUTERS,1KW,150
2022-08-26,FUTURE_VOL_REUTERS,1KW,50
2022-08-26,FUTURE_VOL_REUTERS,1KW,60
2022-08-26,FUTURE_VOL_REUTERS,1KW,70
2022-08-26,FUTURE_VOL_REUTERS,1KW,75
2022-08-26,FUTURE_VOL_REUTERS,1KW,80
2022-08-26,FUTURE_VOL_REUTERS,1KW,85
2022-08-26,FUTURE_VOL_REUTERS,1KW,90
2022-08-26,FUTURE_VOL_REUTERS,1KW,95
2022-08-26,FUTURE_VOL_REUTERS,1KW,100
2022-08-26,FUTURE_VOL_REUTERS,1KW,105
2022-08-26,FUTURE_VOL_REUTERS,1KW,110
2022-08-26,FUTURE_VOL_REUTERS,1KW,115
2022-08-26,FUTURE_VOL_REUTERS,1KW,120
2022-08-26,FUTURE_VOL_REUTERS,1KW,125
2022-08-26,FUTURE_VOL_REUTERS,1KW,130
2022-08-26,FUTURE_VOL_REUTERS,1KW,140
2022-08-26,FUTURE_VOL_REUTERS,1KW,150
2022-11-25,FUTURE_VOL_REUTERS,1KW,50
2022-11-25,FUTURE_VOL_REUTERS,1KW,60
2022-11-25,FUTURE_VOL_REUTERS,1KW,70
2022-11-25,FUTURE_VOL_REUTERS,1KW,75
2022-11-25,FUTURE_VOL_REUTERS,1KW,80
2022-11-25,FUTURE_VOL_REUTERS,1KW,85
2022-11-25,FUTURE_VOL_REUTERS,1KW,90
2022-11-25,FUTURE_VOL_REUTERS,1KW,95
2022-11-25,FUTURE_VOL_REUTERS,1KW,100
2022-11-25,FUTURE_VOL_REUTERS,1KW,105
2022-11-25,FUTURE_VOL_REUTERS,1KW,110
2022-11-25,FUTURE_VOL_REUTERS,1KW,115
2022-11-25,FUTURE_VOL_REUTERS,1KW,120
2022-11-25,FUTURE_VOL_REUTERS,1KW,125
2022-11-25,FUTURE_VOL_REUTERS,1KW,130
2022-11-25,FUTURE_VOL_REUTERS,1KW,140
2022-11-25,FUTURE_VOL_REUTERS,1KW,150
2023-02-24,FUTURE_VOL_REUTERS,1KW,50
2023-02-24,FUTURE_VOL_REUTERS,1KW,60
2023-02-24,FUTURE_VOL_REUTERS,1KW,70
2023-02-24,FUTURE_VOL_REUTERS,1KW,75
2023-02-24,FUTURE_VOL_REUTERS,1KW,80
2023-02-24,FUTURE_VOL_REUTERS,1KW,85
2023-02-24,FUTURE_VOL_REUTERS,1KW,90
2023-02-24,FUTURE_VOL_REUTERS,1KW,95
2023-02-24,FUTURE_VOL_REUTERS,1KW,100
2023-02-24,FUTURE_VOL_REUTERS,1KW,105
2023-02-24,FUTURE_VOL_REUTERS,1KW,110
2023-02-24,FUTURE_VOL_REUTERS,1KW,115
2023-02-24,FUTURE_VOL_REUTERS,1KW,120
2023-02-24,FUTURE_VOL_REUTERS,1KW,125
2023-02-24,FUTURE_VOL_REUTERS,1KW,130
2023-02-24,FUTURE_VOL_REUTERS,1KW,140
2023-02-24,FUTURE_VOL_REUTERS,1KW,150
2023-04-21,FUTURE_VOL_REUTERS,1KW,50
2023-04-21,FUTURE_VOL_REUTERS,1KW,60
2023-04-21,FUTURE_VOL_REUTERS,1KW,70
2023-04-21,FUTURE_VOL_REUTERS,1KW,75
2023-04-21,FUTURE_VOL_REUTERS,1KW,80
2023-04-21,FUTURE_VOL_REUTERS,1KW,85
2023-04-21,FUTURE_VOL_REUTERS,1KW,90
2023-04-21,FUTURE_VOL_REUTERS,1KW,95
2023-04-21,FUTURE_VOL_REUTERS,1KW,100
2023-04-21,FUTURE_VOL_REUTERS,1KW,105
2023-04-21,FUTURE_VOL_REUTERS,1KW,110
2023-04-21,FUTURE_VOL_REUTERS,1KW,115
2023-04-21,FUTURE_VOL_REUTERS,1KW,120
2023-04-21,FUTURE_VOL_REUTERS,1KW,125
2023-04-21,FUTURE_VOL_REUTERS,1KW,130
2023-04-21,FUTURE_VOL_REUTERS,1KW,140
2023-04-21,FUTURE_VOL_REUTERS,1KW,150
2023-06-23,FUTURE_VOL_REUTERS,1KW,50
2023-06-23,FUTURE_VOL_REUTERS,1KW,60
2023-06-23,FUTURE_VOL_REUTERS,1KW,70
2023-06-23,FUTURE_VOL_REUTERS,1KW,75
2023-06-23,FUTURE_VOL_REUTERS,1KW,80
2023-06-23,FUTURE_VOL_REUTERS,1KW,85
2023-06-23,FUTURE_VOL_REUTERS,1KW,90
2023-06-23,FUTURE_VOL_REUTERS,1KW,95
2023-06-23,FUTURE_VOL_REUTERS,1KW,100
2023-06-23,FUTURE_VOL_REUTERS,1KW,105
2023-06-23,FUTURE_VOL_REUTERS,1KW,110
2023-06-23,FUTURE_VOL_REUTERS,1KW,115
2023-06-23,FUTURE_VOL_REUTERS,1KW,120
2023-06-23,FUTURE_VOL_REUTERS,1KW,125
2023-06-23,FUTURE_VOL_REUTERS,1KW,130
2023-06-23,FUTURE_VOL_REUTERS,1KW,140
2023-06-23,FUTURE_VOL_REUTERS,1KW,150
2022-05-20,FUTURE_VOL_REUTERS,1O,50
2022-05-20,FUTURE_VOL_REUTERS,1O,60
2022-05-20,FUTURE_VOL_REUTERS,1O,70
2022-05-20,FUTURE_VOL_REUTERS,1O,75
2022-05-20,FUTURE_VOL_REUTERS,1O,80
2022-05-20,FUTURE_VOL_REUTERS,1O,85
2022-05-20,FUTURE_VOL_REUTERS,1O,90
2022-05-20,FUTURE_VOL_REUTERS,1O,95
2022-05-20,FUTURE_VOL_REUTERS,1O,100
2022-05-20,FUTURE_VOL_REUTERS,1O,105
2022-05-20,FUTURE_VOL_REUTERS,1O,110
2022-05-20,FUTURE_VOL_REUTERS,1O,115
2022-05-20,FUTURE_VOL_REUTERS,1O,120
2022-05-20,FUTURE_VOL_REUTERS,1O,125
2022-05-20,FUTURE_VOL_REUTERS,1O,130
2022-05-20,FUTURE_VOL_REUTERS,1O,140
2022-05-20,FUTURE_VOL_REUTERS,1O,150
2022-06-24,FUTURE_VOL_REUTERS,1O,50
2022-06-24,FUTURE_VOL_REUTERS,1O,60
2022-06-24,FUTURE_VOL_REUTERS,1O,70
2022-06-24,FUTURE_VOL_REUTERS,1O,75
2022-06-24,FUTURE_VOL_REUTERS,1O,80
2022-06-24,FUTURE_VOL_REUTERS,1O,85
2022-06-24,FUTURE_VOL_REUTERS,1O,90
2022-06-24,FUTURE_VOL_REUTERS,1O,95
2022-06-24,FUTURE_VOL_REUTERS,1O,100
2022-06-24,FUTURE_VOL_REUTERS,1O,105
2022-06-24,FUTURE_VOL_REUTERS,1O,110
2022-06-24,FUTURE_VOL_REUTERS,1O,115
2022-06-24,FUTURE_VOL_REUTERS,1O,120
2022-06-24,FUTURE_VOL_REUTERS,1O,125
2022-06-24,FUTURE_VOL_REUTERS,1O,130
2022-06-24,FUTURE_VOL_REUTERS,1O,140
2022-06-24,FUTURE_VOL_REUTERS,1O,150
2022-08-26,FUTURE_VOL_REUTERS,1O,50
2022-08-26,FUTURE_VOL_REUTERS,1O,60
2022-08-26,FUTURE_VOL_REUTERS,1O,70
2022-08-26,FUTURE_VOL_REUTERS,1O,75
2022-08-26,FUTURE_VOL_REUTERS,1O,80
2022-08-26,FUTURE_VOL_REUTERS,1O,85
2022-08-26,FUTURE_VOL_REUTERS,1O,90
2022-08-26,FUTURE_VOL_REUTERS,1O,95
2022-08-26,FUTURE_VOL_REUTERS,1O,100
2022-08-26,FUTURE_VOL_REUTERS,1O,105
2022-08-26,FUTURE_VOL_REUTERS,1O,110
2022-08-26,FUTURE_VOL_REUTERS,1O,115
2022-08-26,FUTURE_VOL_REUTERS,1O,120
2022-08-26,FUTURE_VOL_REUTERS,1O,125
2022-08-26,FUTURE_VOL_REUTERS,1O,130
2022-08-26,FUTURE_VOL_REUTERS,1O,140
2022-08-26,FUTURE_VOL_REUTERS,1O,150
2022-11-25,FUTURE_VOL_REUTERS,1O,50
2022-11-25,FUTURE_VOL_REUTERS,1O,60
2022-11-25,FUTURE_VOL_REUTERS,1O,70
2022-11-25,FUTURE_VOL_REUTERS,1O,75
2022-11-25,FUTURE_VOL_REUTERS,1O,80
2022-11-25,FUTURE_VOL_REUTERS,1O,85
2022-11-25,FUTURE_VOL_REUTERS,1O,90
2022-11-25,FUTURE_VOL_REUTERS,1O,95
2022-11-25,FUTURE_VOL_REUTERS,1O,100
2022-11-25,FUTURE_VOL_REUTERS,1O,105
2022-11-25,FUTURE_VOL_REUTERS,1O,110
2022-11-25,FUTURE_VOL_REUTERS,1O,115
2022-11-25,FUTURE_VOL_REUTERS,1O,120
2022-11-25,FUTURE_VOL_REUTERS,1O,125
2022-11-25,FUTURE_VOL_REUTERS,1O,130
2022-11-25,FUTURE_VOL_REUTERS,1O,140
2022-11-25,FUTURE_VOL_REUTERS,1O,150
2023-02-24,FUTURE_VOL_REUTERS,1O,50
2023-02-24,FUTURE_VOL_REUTERS,1O,60
2023-02-24,FUTURE_VOL_REUTERS,1O,70
2023-02-24,FUTURE_VOL_REUTERS,1O,75
2023-02-24,FUTURE_VOL_REUTERS,1O,80
2023-02-24,FUTURE_VOL_REUTERS,1O,85
2023-02-24,FUTURE_VOL_REUTERS,1O,90
2023-02-24,FUTURE_VOL_REUTERS,1O,95
2023-02-24,FUTURE_VOL_REUTERS,1O,100
2023-02-24,FUTURE_VOL_REUTERS,1O,105
2023-02-24,FUTURE_VOL_REUTERS,1O,110
2023-02-24,FUTURE_VOL_REUTERS,1O,115
2023-02-24,FUTURE_VOL_REUTERS,1O,120
2023-02-24,FUTURE_VOL_REUTERS,1O,125
2023-02-24,FUTURE_VOL_REUTERS,1O,130
2023-02-24,FUTURE_VOL_REUTERS,1O,140
2023-02-24,FUTURE_VOL_REUTERS,1O,150
2023-04-21,FUTURE_VOL_REUTERS,1O,50
2023-04-21,FUTURE_VOL_REUTERS,1O,60
2023-04-21,FUTURE_VOL_REUTERS,1O,70
2023-04-21,FUTURE_VOL_REUTERS,1O,75
2023-04-21,FUTURE_VOL_REUTERS,1O,80
2023-04-21,FUTURE_VOL_REUTERS,1O,85
2023-04-21,FUTURE_VOL_REUTERS,1O,90
2023-04-21,FUTURE_VOL_REUTERS,1O,95
2023-04-21,FUTURE_VOL_REUTERS,1O,100
2023-04-21,FUTURE_VOL_REUTERS,1O,105
2023-04-21,FUTURE_VOL_REUTERS,1O,110
2023-04-21,FUTURE_VOL_REUTERS,1O,115
2023-04-21,FUTURE_VOL_REUTERS,1O,120
2023-04-21,FUTURE_VOL_REUTERS,1O,125
2023-04-21,FUTURE_VOL_REUTERS,1O,130
2023-04-21,FUTURE_VOL_REUTERS,1O,140
2023-04-21,FUTURE_VOL_REUTERS,1O,150
2023-06-23,FUTURE_VOL_REUTERS,1O,50
2023-06-23,FUTURE_VOL_REUTERS,1O,60
2023-06-23,FUTURE_VOL_REUTERS,1O,70
2023-06-23,FUTURE_VOL_REUTERS,1O,75
2023-06-23,FUTURE_VOL_REUTERS,1O,80
2023-06-23,FUTURE_VOL_REUTERS,1O,85
2023-06-23,FUTURE_VOL_REUTERS,1O,90
2023-06-23,FUTURE_VOL_REUTERS,1O,95
2023-06-23,FUTURE_VOL_REUTERS,1O,100
2023-06-23,FUTURE_VOL_REUTERS,1O,105
2023-06-23,FUTURE_VOL_REUTERS,1O,110
2023-06-23,FUTURE_VOL_REUTERS,1O,115
2023-06-23,FUTURE_VOL_REUTERS,1O,120
2023-06-23,FUTURE_VOL_REUTERS,1O,125
2023-06-23,FUTURE_VOL_REUTERS,1O,130
2023-06-23,FUTURE_VOL_REUTERS,1O,140
2023-06-23,FUTURE_VOL_REUTERS,1O,150
2023-08-25,FUTURE_VOL_REUTERS,1O,50
2023-08-25,FUTURE_VOL_REUTERS,1O,60
2023-08-25,FUTURE_VOL_REUTERS,1O,70
2023-08-25,FUTURE_VOL_REUTERS,1O,75
2023-08-25,FUTURE_VOL_REUTERS,1O,80
2023-08-25,FUTURE_VOL_REUTERS,1O,85
2023-08-25,FUTURE_VOL_REUTERS,1O,90
2023-08-25,FUTURE_VOL_REUTERS,1O,95
2023-08-25,FUTURE_VOL_REUTERS,1O,100
2023-08-25,FUTURE_VOL_REUTERS,1O,105
2023-08-25,FUTURE_VOL_REUTERS,1O,110
2023-08-25,FUTURE_VOL_REUTERS,1O,115
2023-08-25,FUTURE_VOL_REUTERS,1O,120
2023-08-25,FUTURE_VOL_REUTERS,1O,125
2023-08-25,FUTURE_VOL_REUTERS,1O,130
2023-08-25,FUTURE_VOL_REUTERS,1O,140
2023-08-25,FUTURE_VOL_REUTERS,1O,150
2022-05-20,FUTURE_VOL_REUTERS,1RR,50
2022-05-20,FUTURE_VOL_REUTERS,1RR,60
2022-05-20,FUTURE_VOL_REUTERS,1RR,70
2022-05-20,FUTURE_VOL_REUTERS,1RR,75
2022-05-20,FUTURE_VOL_REUTERS,1RR,80
2022-05-20,FUTURE_VOL_REUTERS,1RR,85
2022-05-20,FUTURE_VOL_REUTERS,1RR,90
2022-05-20,FUTURE_VOL_REUTERS,1RR,95
2022-05-20,FUTURE_VOL_REUTERS,1RR,100
2022-05-20,FUTURE_VOL_REUTERS,1RR,105
2022-05-20,FUTURE_VOL_REUTERS,1RR,110
2022-05-20,FUTURE_VOL_REUTERS,1RR,115
2022-05-20,FUTURE_VOL_REUTERS,1RR,120
2022-05-20,FUTURE_VOL_REUTERS,1RR,125
2022-05-20,FUTURE_VOL_REUTERS,1RR,130
2022-05-20,FUTURE_VOL_REUTERS,1RR,140
2022-05-20,FUTURE_VOL_REUTERS,1RR,150
2022-06-24,FUTURE_VOL_REUTERS,1RR,50
2022-06-24,FUTURE_VOL_REUTERS,1RR,60
2022-06-24,FUTURE_VOL_REUTERS,1RR,70
2022-06-24,FUTURE_VOL_REUTERS,1RR,75
2022-06-24,FUTURE_VOL_REUTERS,1RR,80
2022-06-24,FUTURE_VOL_REUTERS,1RR,85
2022-06-24,FUTURE_VOL_REUTERS,1RR,90
2022-06-24,FUTURE_VOL_REUTERS,1RR,95
2022-06-24,FUTURE_VOL_REUTERS,1RR,100
2022-06-24,FUTURE_VOL_REUTERS,1RR,105
2022-06-24,FUTURE_VOL_REUTERS,1RR,110
2022-06-24,FUTURE_VOL_REUTERS,1RR,115
2022-06-24,FUTURE_VOL_REUTERS,1RR,120
2022-06-24,FUTURE_VOL_REUTERS,1RR,125
2022-06-24,FUTURE_VOL_REUTERS,1RR,130
2022-06-24,FUTURE_VOL_REUTERS,1RR,140
2022-06-24,FUTURE_VOL_REUTERS,1RR,150
2022-08-26,FUTURE_VOL_REUTERS,1RR,50
2022-08-26,FUTURE_VOL_REUTERS,1RR,60
2022-08-26,FUTURE_VOL_REUTERS,1RR,70
2022-08-26,FUTURE_VOL_REUTERS,1RR,75
2022-08-26,FUTURE_VOL_REUTERS,1RR,80
2022-08-26,FUTURE_VOL_REUTERS,1RR,85
2022-08-26,FUTURE_VOL_REUTERS,1RR,90
2022-08-26,FUTURE_VOL_REUTERS,1RR,95
2022-08-26,FUTURE_VOL_REUTERS,1RR,100
2022-08-26,FUTURE_VOL_REUTERS,1RR,105
2022-08-26,FUTURE_VOL_REUTERS,1RR,110
2022-08-26,FUTURE_VOL_REUTERS,1RR,115
2022-08-26,FUTURE_VOL_REUTERS,1RR,120
2022-08-26,FUTURE_VOL_REUTERS,1RR,125
2022-08-26,FUTURE_VOL_REUTERS,1RR,130
2022-08-26,FUTURE_VOL_REUTERS,1RR,140
2022-08-26,FUTURE_VOL_REUTERS,1RR,150
2022-10-21,FUTURE_VOL_REUTERS,1RR,50
2022-10-21,FUTURE_VOL_REUTERS,1RR,60
2022-10-21,FUTURE_VOL_REUTERS,1RR,70
2022-10-21,FUTURE_VOL_REUTERS,1RR,75
2022-10-21,FUTURE_VOL_REUTERS,1RR,80
2022-10-21,FUTURE_VOL_REUTERS,1RR,85
2022-10-21,FUTURE_VOL_REUTERS,1RR,90
2022-10-21,FUTURE_VOL_REUTERS,1RR,95
2022-10-21,FUTURE_VOL_REUTERS,1RR,100
2022-10-21,FUTURE_VOL_REUTERS,1RR,105
2022-10-21,FUTURE_VOL_REUTERS,1RR,110
2022-10-21,FUTURE_VOL_REUTERS,1RR,115
2022-10-21,FUTURE_VOL_REUTERS,1RR,120
2022-10-21,FUTURE_VOL_REUTERS,1RR,125
2022-10-21,FUTURE_VOL_REUTERS,1RR,130
2022-10-21,FUTURE_VOL_REUTERS,1RR,140
2022-10-21,FUTURE_VOL_REUTERS,1RR,150
2022-12-23,FUTURE_VOL_REUTERS,1RR,50
2022-12-23,FUTURE_VOL_REUTERS,1RR,60
2022-12-23,FUTURE_VOL_REUTERS,1RR,70
2022-12-23,FUTURE_VOL_REUTERS,1RR,75
2022-12-23,FUTURE_VOL_REUTERS,1RR,80
2022-12-23,FUTURE_VOL_REUTERS,1RR,85
2022-12-23,FUTURE_VOL_REUTERS,1RR,90
2022-12-23,FUTURE_VOL_REUTERS,1RR,95
2022-12-23,FUTURE_VOL_REUTERS,1RR,100
2022-12-23,FUTURE_VOL_REUTERS,1RR,105
2022-12-23,FUTURE_VOL_REUTERS,1RR,110
2022-12-23,FUTURE_VOL_REUTERS,1RR,115
2022-12-23,FUTURE_VOL_REUTERS,1RR,120
2022-12-23,FUTURE_VOL_REUTERS,1RR,125
2022-12-23,FUTURE_VOL_REUTERS,1RR,130
2022-12-23,FUTURE_VOL_REUTERS,1RR,140
2022-12-23,FUTURE_VOL_REUTERS,1RR,150
2023-02-24,FUTURE_VOL_REUTERS,1RR,50
2023-02-24,FUTURE_VOL_REUTERS,1RR,60
2023-02-24,FUTURE_VOL_REUTERS,1RR,70
2023-02-24,FUTURE_VOL_REUTERS,1RR,75
2023-02-24,FUTURE_VOL_REUTERS,1RR,80
2023-02-24,FUTURE_VOL_REUTERS,1RR,85
2023-02-24,FUTURE_VOL_REUTERS,1RR,90
2023-02-24,FUTURE_VOL_REUTERS,1RR,95
2023-02-24,FUTURE_VOL_REUTERS,1RR,100
2023-02-24,FUTURE_VOL_REUTERS,1RR,105
2023-02-24,FUTURE_VOL_REUTERS,1RR,110
2023-02-24,FUTURE_VOL_REUTERS,1RR,115
2023-02-24,FUTURE_VOL_REUTERS,1RR,120
2023-02-24,FUTURE_VOL_REUTERS,1RR,125
2023-02-24,FUTURE_VOL_REUTERS,1RR,130
2023-02-24,FUTURE_VOL_REUTERS,1RR,140
2023-02-24,FUTURE_VOL_REUTERS,1RR,150
2023-04-21,FUTURE_VOL_REUTERS,1RR,50
2023-04-21,FUTURE_VOL_REUTERS,1RR,60
2023-04-21,FUTURE_VOL_REUTERS,1RR,70
2023-04-21,FUTURE_VOL_REUTERS,1RR,75
2023-04-21,FUTURE_VOL_REUTERS,1RR,80
2023-04-21,FUTURE_VOL_REUTERS,1RR,85
2023-04-21,FUTURE_VOL_REUTERS,1RR,90
2023-04-21,FUTURE_VOL_REUTERS,1RR,95
2023-04-21,FUTURE_VOL_REUTERS,1RR,100
2023-04-21,FUTURE_VOL_REUTERS,1RR,105
2023-04-21,FUTURE_VOL_REUTERS,1RR,110
2023-04-21,FUTURE_VOL_REUTERS,1RR,115
2023-04-21,FUTURE_VOL_REUTERS,1RR,120
2023-04-21,FUTURE_VOL_REUTERS,1RR,125
2023-04-21,FUTURE_VOL_REUTERS,1RR,130
2023-04-21,FUTURE_VOL_REUTERS,1RR,140
2023-04-21,FUTURE_VOL_REUTERS,1RR,150
2022-05-20,FUTURE_VOL_REUTERS,1S,50
2022-05-20,FUTURE_VOL_REUTERS,1S,60
2022-05-20,FUTURE_VOL_REUTERS,1S,70
2022-05-20,FUTURE_VOL_REUTERS,1S,75
2022-05-20,FUTURE_VOL_REUTERS,1S,80
2022-05-20,FUTURE_VOL_REUTERS,1S,85
2022-05-20,FUTURE_VOL_REUTERS,1S,90
2022-05-20,FUTURE_VOL_REUTERS,1S,95
2022-05-20,FUTURE_VOL_REUTERS,1S,100
2022-05-20,FUTURE_VOL_REUTERS,1S,105
2022-05-20,FUTURE_VOL_REUTERS,1S,110
2022-05-20,FUTURE_VOL_REUTERS,1S,115
2022-05-20,FUTURE_VOL_REUTERS,1S,120
2022-05-20,FUTURE_VOL_REUTERS,1S,125
2022-05-20,FUTURE_VOL_REUTERS,1S,130
2022-05-20,FUTURE_VOL_REUTERS,1S,140
2022-05-20,FUTURE_VOL_REUTERS,1S,150
2022-06-24,FUTURE_VOL_REUTERS,1S,50
2022-06-24,FUTURE_VOL_REUTERS,1S,60
2022-06-24,FUTURE_VOL_REUTERS,1S,70
2022-06-24,FUTURE_VOL_REUTERS,1S,75
2022-06-24,FUTURE_VOL_REUTERS,1S,80
2022-06-24,FUTURE_VOL_REUTERS,1S,85
2022-06-24,FUTURE_VOL_REUTERS,1S,90
2022-06-24,FUTURE_VOL_REUTERS,1S,95
2022-06-24,FUTURE_VOL_REUTERS,1S,100
2022-06-24,FUTURE_VOL_REUTERS,1S,105
2022-06-24,FUTURE_VOL_REUTERS,1S,110
2022-06-24,FUTURE_VOL_REUTERS,1S,115
2022-06-24,FUTURE_VOL_REUTERS,1S,120
2022-06-24,FUTURE_VOL_REUTERS,1S,125
2022-06-24,FUTURE_VOL_REUTERS,1S,130
2022-06-24,FUTURE_VOL_REUTERS,1S,140
2022-06-24,FUTURE_VOL_REUTERS,1S,150
2022-07-22,FUTURE_VOL_REUTERS,1S,50
2022-07-22,FUTURE_VOL_REUTERS,1S,60
2022-07-22,FUTURE_VOL_REUTERS,1S,70
2022-07-22,FUTURE_VOL_REUTERS,1S,75
2022-07-22,FUTURE_VOL_REUTERS,1S,80
2022-07-22,FUTURE_VOL_REUTERS,1S,85
2022-07-22,FUTURE_VOL_REUTERS,1S,90
2022-07-22,FUTURE_VOL_REUTERS,1S,95
2022-07-22,FUTURE_VOL_REUTERS,1S,100
2022-07-22,FUTURE_VOL_REUTERS,1S,105
2022-07-22,FUTURE_VOL_REUTERS,1S,110
2022-07-22,FUTURE_VOL_REUTERS,1S,115
2022-07-22,FUTURE_VOL_REUTERS,1S,120
2022-07-22,FUTURE_VOL_REUTERS,1S,125
2022-07-22,FUTURE_VOL_REUTERS,1S,130
2022-07-22,FUTURE_VOL_REUTERS,1S,140
2022-07-22,FUTURE_VOL_REUTERS,1S,150
2022-08-26,FUTURE_VOL_REUTERS,1S,50
2022-08-26,FUTURE_VOL_REUTERS,1S,60
2022-08-26,FUTURE_VOL_REUTERS,1S,70
2022-08-26,FUTURE_VOL_REUTERS,1S,75
2022-08-26,FUTURE_VOL_REUTERS,1S,80
2022-08-26,FUTURE_VOL_REUTERS,1S,85
2022-08-26,FUTURE_VOL_REUTERS,1S,90
2022-08-26,FUTURE_VOL_REUTERS,1S,95
2022-08-26,FUTURE_VOL_REUTERS,1S,100
2022-08-26,FUTURE_VOL_REUTERS,1S,105
2022-08-26,FUTURE_VOL_REUTERS,1S,110
2022-08-26,FUTURE_VOL_REUTERS,1S,115
2022-08-26,FUTURE_VOL_REUTERS,1S,120
2022-08-26,FUTURE_VOL_REUTERS,1S,125
2022-08-26,FUTURE_VOL_REUTERS,1S,130
2022-08-26,FUTURE_VOL_REUTERS,1S,140
2022-08-26,FUTURE_VOL_REUTERS,1S,150
2022-10-21,FUTURE_VOL_REUTERS,1S,50
2022-10-21,FUTURE_VOL_REUTERS,1S,60
2022-10-21,FUTURE_VOL_REUTERS,1S,70
2022-10-21,FUTURE_VOL_REUTERS,1S,75
2022-10-21,FUTURE_VOL_REUTERS,1S,80
2022-10-21,FUTURE_VOL_REUTERS,1S,85
2022-10-21,FUTURE_VOL_REUTERS,1S,90
2022-10-21,FUTURE_VOL_REUTERS,1S,95
2022-10-21,FUTURE_VOL_REUTERS,1S,100
2022-10-21,FUTURE_VOL_REUTERS,1S,105
2022-10-21,FUTURE_VOL_REUTERS,1S,110
2022-10-21,FUTURE_VOL_REUTERS,1S,115
2022-10-21,FUTURE_VOL_REUTERS,1S,120
2022-10-21,FUTURE_VOL_REUTERS,1S,125
2022-10-21,FUTURE_VOL_REUTERS,1S,130
2022-10-21,FUTURE_VOL_REUTERS,1S,140
2022-10-21,FUTURE_VOL_REUTERS,1S,150
2022-12-23,FUTURE_VOL_REUTERS,1S,50
2022-12-23,FUTURE_VOL_REUTERS,1S,60
2022-12-23,FUTURE_VOL_REUTERS,1S,70
2022-12-23,FUTURE_VOL_REUTERS,1S,75
2022-12-23,FUTURE_VOL_REUTERS,1S,80
2022-12-23,FUTURE_VOL_REUTERS,1S,85
2022-12-23,FUTURE_VOL_REUTERS,1S,90
2022-12-23,FUTURE_VOL_REUTERS,1S,95
2022-12-23,FUTURE_VOL_REUTERS,1S,100
2022-12-23,FUTURE_VOL_REUTERS,1S,105
2022-12-23,FUTURE_VOL_REUTERS,1S,110
2022-12-23,FUTURE_VOL_REUTERS,1S,115
2022-12-23,FUTURE_VOL_REUTERS,1S,120
2022-12-23,FUTURE_VOL_REUTERS,1S,125
2022-12-23,FUTURE_VOL_REUTERS,1S,130
2022-12-23,FUTURE_VOL_REUTERS,1S,140
2022-12-23,FUTURE_VOL_REUTERS,1S,150
2023-02-24,FUTURE_VOL_REUTERS,1S,50
2023-02-24,FUTURE_VOL_REUTERS,1S,60
2023-02-24,FUTURE_VOL_REUTERS,1S,70
2023-02-24,FUTURE_VOL_REUTERS,1S,75
2023-02-24,FUTURE_VOL_REUTERS,1S,80
2023-02-24,FUTURE_VOL_REUTERS,1S,85
2023-02-24,FUTURE_VOL_REUTERS,1S,90
2023-02-24,FUTURE_VOL_REUTERS,1S,95
2023-02-24,FUTURE_VOL_REUTERS,1S,100
2023-02-24,FUTURE_VOL_REUTERS,1S,105
2023-02-24,FUTURE_VOL_REUTERS,1S,110
2023-02-24,FUTURE_VOL_REUTERS,1S,115
2023-02-24,FUTURE_VOL_REUTERS,1S,120
2023-02-24,FUTURE_VOL_REUTERS,1S,125
2023-02-24,FUTURE_VOL_REUTERS,1S,130
2023-02-24,FUTURE_VOL_REUTERS,1S,140
2023-02-24,FUTURE_VOL_REUTERS,1S,150
2023-04-21,FUTURE_VOL_REUTERS,1S,50
2023-04-21,FUTURE_VOL_REUTERS,1S,60
2023-04-21,FUTURE_VOL_REUTERS,1S,70
2023-04-21,FUTURE_VOL_REUTERS,1S,75
2023-04-21,FUTURE_VOL_REUTERS,1S,80
2023-04-21,FUTURE_VOL_REUTERS,1S,85
2023-04-21,FUTURE_VOL_REUTERS,1S,90
2023-04-21,FUTURE_VOL_REUTERS,1S,95
2023-04-21,FUTURE_VOL_REUTERS,1S,100
2023-04-21,FUTURE_VOL_REUTERS,1S,105
2023-04-21,FUTURE_VOL_REUTERS,1S,110
2023-04-21,FUTURE_VOL_REUTERS,1S,115
2023-04-21,FUTURE_VOL_REUTERS,1S,120
2023-04-21,FUTURE_VOL_REUTERS,1S,125
2023-04-21,FUTURE_VOL_REUTERS,1S,130
2023-04-21,FUTURE_VOL_REUTERS,1S,140
2023-04-21,FUTURE_VOL_REUTERS,1S,150
2023-06-23,FUTURE_VOL_REUTERS,1S,50
2023-06-23,FUTURE_VOL_REUTERS,1S,60
2023-06-23,FUTURE_VOL_REUTERS,1S,70
2023-06-23,FUTURE_VOL_REUTERS,1S,75
2023-06-23,FUTURE_VOL_REUTERS,1S,80
2023-06-23,FUTURE_VOL_REUTERS,1S,85
2023-06-23,FUTURE_VOL_REUTERS,1S,90
2023-06-23,FUTURE_VOL_REUTERS,1S,95
2023-06-23,FUTURE_VOL_REUTERS,1S,100
2023-06-23,FUTURE_VOL_REUTERS,1S,105
2023-06-23,FUTURE_VOL_REUTERS,1S,110
2023-06-23,FUTURE_VOL_REUTERS,1S,115
2023-06-23,FUTURE_VOL_REUTERS,1S,120
2023-06-23,FUTURE_VOL_REUTERS,1S,125
2023-06-23,FUTURE_VOL_REUTERS,1S,130
2023-06-23,FUTURE_VOL_REUTERS,1S,140
2023-06-23,FUTURE_VOL_REUTERS,1S,150
2023-07-21,FUTURE_VOL_REUTERS,1S,50
2023-07-21,FUTURE_VOL_REUTERS,1S,60
2023-07-21,FUTURE_VOL_REUTERS,1S,70
2023-07-21,FUTURE_VOL_REUTERS,1S,75
2023-07-21,FUTURE_VOL_REUTERS,1S,80
2023-07-21,FUTURE_VOL_REUTERS,1S,85
2023-07-21,FUTURE_VOL_REUTERS,1S,90
2023-07-21,FUTURE_VOL_REUTERS,1S,95
2023-07-21,FUTURE_VOL_REUTERS,1S,100
2023-07-21,FUTURE_VOL_REUTERS,1S,105
2023-07-21,FUTURE_VOL_REUTERS,1S,110
2023-07-21,FUTURE_VOL_REUTERS,1S,115
2023-07-21,FUTURE_VOL_REUTERS,1S,120
2023-07-21,FUTURE_VOL_REUTERS,1S,125
2023-07-21,FUTURE_VOL_REUTERS,1S,130
2023-07-21,FUTURE_VOL_REUTERS,1S,140
2023-07-21,FUTURE_VOL_REUTERS,1S,150
2023-10-27,FUTURE_VOL_REUTERS,1S,50
2023-10-27,FUTURE_VOL_REUTERS,1S,60
2023-10-27,FUTURE_VOL_REUTERS,1S,70
2023-10-27,FUTURE_VOL_REUTERS,1S,75
2023-10-27,FUTURE_VOL_REUTERS,1S,80
2023-10-27,FUTURE_VOL_REUTERS,1S,85
2023-10-27,FUTURE_VOL_REUTERS,1S,90
2023-10-27,FUTURE_VOL_REUTERS,1S,95
2023-10-27,FUTURE_VOL_REUTERS,1S,100
2023-10-27,FUTURE_VOL_REUTERS,1S,105
2023-10-27,FUTURE_VOL_REUTERS,1S,110
2023-10-27,FUTURE_VOL_REUTERS,1S,115
2023-10-27,FUTURE_VOL_REUTERS,1S,120
2023-10-27,FUTURE_VOL_REUTERS,1S,125
2023-10-27,FUTURE_VOL_REUTERS,1S,130
2023-10-27,FUTURE_VOL_REUTERS,1S,140
2023-10-27,FUTURE_VOL_REUTERS,1S,150
2022-05-20,FUTURE_VOL_REUTERS,1SM,50
2022-05-20,FUTURE_VOL_REUTERS,1SM,60
2022-05-20,FUTURE_VOL_REUTERS,1SM,70
2022-05-20,FUTURE_VOL_REUTERS,1SM,75
2022-05-20,FUTURE_VOL_REUTERS,1SM,80
2022-05-20,FUTURE_VOL_REUTERS,1SM,85
2022-05-20,FUTURE_VOL_REUTERS,1SM,90
2022-05-20,FUTURE_VOL_REUTERS,1SM,95
2022-05-20,FUTURE_VOL_REUTERS,1SM,100
2022-05-20,FUTURE_VOL_REUTERS,1SM,105
2022-05-20,FUTURE_VOL_REUTERS,1SM,110
2022-05-20,FUTURE_VOL_REUTERS,1SM,115
2022-05-20,FUTURE_VOL_REUTERS,1SM,120
2022-05-20,FUTURE_VOL_REUTERS,1SM,125
2022-05-20,FUTURE_VOL_REUTERS,1SM,130
2022-05-20,FUTURE_VOL_REUTERS,1SM,140
2022-05-20,FUTURE_VOL_REUTERS,1SM,150
2022-06-24,FUTURE_VOL_REUTERS,1SM,50
2022-06-24,FUTURE_VOL_REUTERS,1SM,60
2022-06-24,FUTURE_VOL_REUTERS,1SM,70
2022-06-24,FUTURE_VOL_REUTERS,1SM,75
2022-06-24,FUTURE_VOL_REUTERS,1SM,80
2022-06-24,FUTURE_VOL_REUTERS,1SM,85
2022-06-24,FUTURE_VOL_REUTERS,1SM,90
2022-06-24,FUTURE_VOL_REUTERS,1SM,95
2022-06-24,FUTURE_VOL_REUTERS,1SM,100
2022-06-24,FUTURE_VOL_REUTERS,1SM,105
2022-06-24,FUTURE_VOL_REUTERS,1SM,110
2022-06-24,FUTURE_VOL_REUTERS,1SM,115
2022-06-24,FUTURE_VOL_REUTERS,1SM,120
2022-06-24,FUTURE_VOL_REUTERS,1SM,125
2022-06-24,FUTURE_VOL_REUTERS,1SM,130
2022-06-24,FUTURE_VOL_REUTERS,1SM,140
2022-06-24,FUTURE_VOL_REUTERS,1SM,150
2022-07-22,FUTURE_VOL_REUTERS,1SM,50
2022-07-22,FUTURE_VOL_REUTERS,1SM,60
2022-07-22,FUTURE_VOL_REUTERS,1SM,70
2022-07-22,FUTURE_VOL_REUTERS,1SM,75
2022-07-22,FUTURE_VOL_REUTERS,1SM,80
2022-07-22,FUTURE_VOL_REUTERS,1SM,85
2022-07-22,FUTURE_VOL_REUTERS,1SM,90
2022-07-22,FUTURE_VOL_REUTERS,1SM,95
2022-07-22,FUTURE_VOL_REUTERS,1SM,100
2022-07-22,FUTURE_VOL_REUTERS,1SM,105
2022-07-22,FUTURE_VOL_REUTERS,1SM,110
2022-07-22,FUTURE_VOL_REUTERS,1SM,115
2022-07-22,FUTURE_VOL_REUTERS,1SM,120
2022-07-22,FUTURE_VOL_REUTERS,1SM,125
2022-07-22,FUTURE_VOL_REUTERS,1SM,130
2022-07-22,FUTURE_VOL_REUTERS,1SM,140
2022-07-22,FUTURE_VOL_REUTERS,1SM,150
2022-08-26,FUTURE_VOL_REUTERS,1SM,50
2022-08-26,FUTURE_VOL_REUTERS,1SM,60
2022-08-26,FUTURE_VOL_REUTERS,1SM,70
2022-08-26,FUTURE_VOL_REUTERS,1SM,75
2022-08-26,FUTURE_VOL_REUTERS,1SM,80
2022-08-26,FUTURE_VOL_REUTERS,1SM,85
2022-08-26,FUTURE_VOL_REUTERS,1SM,90
2022-08-26,FUTURE_VOL_REUTERS,1SM,95
2022-08-26,FUTURE_VOL_REUTERS,1SM,100
2022-08-26,FUTURE_VOL_REUTERS,1SM,105
2022-08-26,FUTURE_VOL_REUTERS,1SM,110
2022-08-26,FUTURE_VOL_REUTERS,1SM,115
2022-08-26,FUTURE_VOL_REUTERS,1SM,120
2022-08-26,FUTURE_VOL_REUTERS,1SM,125
2022-08-26,FUTURE_VOL_REUTERS,1SM,130
2022-08-26,FUTURE_VOL_REUTERS,1SM,140
2022-08-26,FUTURE_VOL_REUTERS,1SM,150
2022-09-23,FUTURE_VOL_REUTERS,1SM,50
2022-09-23,FUTURE_VOL_REUTERS,1SM,60
2022-09-23,FUTURE_VOL_REUTERS,1SM,70
2022-09-23,FUTURE_VOL_REUTERS,1SM,75
2022-09-23,FUTURE_VOL_REUTERS,1SM,80
2022-09-23,FUTURE_VOL_REUTERS,1SM,85
2022-09-23,FUTURE_VOL_REUTERS,1SM,90
2022-09-23,FUTURE_VOL_REUTERS,1SM,95
2022-09-23,FUTURE_VOL_REUTERS,1SM,100
2022-09-23,FUTURE_VOL_REUTERS,1SM,105
2022-09-23,FUTURE_VOL_REUTERS,1SM,110
2022-09-23,FUTURE_VOL_REUTERS,1SM,115
2022-09-23,FUTURE_VOL_REUTERS,1SM,120
2022-09-23,FUTURE_VOL_REUTERS,1SM,125
2022-09-23,FUTURE_VOL_REUTERS,1SM,130
2022-09-23,FUTURE_VOL_REUTERS,1SM,140
2022-09-23,FUTURE_VOL_REUTERS,1SM,150
2022-11-25,FUTURE_VOL_REUTERS,1SM,50
2022-11-25,FUTURE_VOL_REUTERS,1SM,60
2022-11-25,FUTURE_VOL_REUTERS,1SM,70
2022-11-25,FUTURE_VOL_REUTERS,1SM,75
2022-11-25,FUTURE_VOL_REUTERS,1SM,80
2022-11-25,FUTURE_VOL_REUTERS,1SM,85
2022-11-25,FUTURE_VOL_REUTERS,1SM,90
2022-11-25,FUTURE_VOL_REUTERS,1SM,95
2022-11-25,FUTURE_VOL_REUTERS,1SM,100
2022-11-25,FUTURE_VOL_REUTERS,1SM,105
2022-11-25,FUTURE_VOL_REUTERS,1SM,110
2022-11-25,FUTURE_VOL_REUTERS,1SM,115
2022-11-25,FUTURE_VOL_REUTERS,1SM,120
2022-11-25,FUTURE_VOL_REUTERS,1SM,125
2022-11-25,FUTURE_VOL_REUTERS,1SM,130
2022-11-25,FUTURE_VOL_REUTERS,1SM,140
2022-11-25,FUTURE_VOL_REUTERS,1SM,150
2022-12-23,FUTURE_VOL_REUTERS,1SM,50
2022-12-23,FUTURE_VOL_REUTERS,1SM,60
2022-12-23,FUTURE_VOL_REUTERS,1SM,70
2022-12-23,FUTURE_VOL_REUTERS,1SM,75
2022-12-23,FUTURE_VOL_REUTERS,1SM,80
2022-12-23,FUTURE_VOL_REUTERS,1SM,85
2022-12-23,FUTURE_VOL_REUTERS,1SM,90
2022-12-23,FUTURE_VOL_REUTERS,1SM,95
2022-12-23,FUTURE_VOL_REUTERS,1SM,100
2022-12-23,FUTURE_VOL_REUTERS,1SM,105
2022-12-23,FUTURE_VOL_REUTERS,1SM,110
2022-12-23,FUTURE_VOL_REUTERS,1SM,115
2022-12-23,FUTURE_VOL_REUTERS,1SM,120
2022-12-23,FUTURE_VOL_REUTERS,1SM,125
2022-12-23,FUTURE_VOL_REUTERS,1SM,130
2022-12-23,FUTURE_VOL_REUTERS,1SM,140
2022-12-23,FUTURE_VOL_REUTERS,1SM,150
2023-02-24,FUTURE_VOL_REUTERS,1SM,50
2023-02-24,FUTURE_VOL_REUTERS,1SM,60
2023-02-24,FUTURE_VOL_REUTERS,1SM,70
2023-02-24,FUTURE_VOL_REUTERS,1SM,75
2023-02-24,FUTURE_VOL_REUTERS,1SM,80
2023-02-24,FUTURE_VOL_REUTERS,1SM,85
2023-02-24,FUTURE_VOL_REUTERS,1SM,90
2023-02-24,FUTURE_VOL_REUTERS,1SM,95
2023-02-24,FUTURE_VOL_REUTERS,1SM,100
2023-02-24,FUTURE_VOL_REUTERS,1SM,105
2023-02-24,FUTURE_VOL_REUTERS,1SM,110
2023-02-24,FUTURE_VOL_REUTERS,1SM,115
2023-02-24,FUTURE_VOL_REUTERS,1SM,120
2023-02-24,FUTURE_VOL_REUTERS,1SM,125
2023-02-24,FUTURE_VOL_REUTERS,1SM,130
2023-02-24,FUTURE_VOL_REUTERS,1SM,140
2023-02-24,FUTURE_VOL_REUTERS,1SM,150
2023-04-21,FUTURE_VOL_REUTERS,1SM,50
2023-04-21,FUTURE_VOL_REUTERS,1SM,60
2023-04-21,FUTURE_VOL_REUTERS,1SM,70
2023-04-21,FUTURE_VOL_REUTERS,1SM,75
2023-04-21,FUTURE_VOL_REUTERS,1SM,80
2023-04-21,FUTURE_VOL_REUTERS,1SM,85
2023-04-21,FUTURE_VOL_REUTERS,1SM,90
2023-04-21,FUTURE_VOL_REUTERS,1SM,95
2023-04-21,FUTURE_VOL_REUTERS,1SM,100
2023-04-21,FUTURE_VOL_REUTERS,1SM,105
2023-04-21,FUTURE_VOL_REUTERS,1SM,110
2023-04-21,FUTURE_VOL_REUTERS,1SM,115
2023-04-21,FUTURE_VOL_REUTERS,1SM,120
2023-04-21,FUTURE_VOL_REUTERS,1SM,125
2023-04-21,FUTURE_VOL_REUTERS,1SM,130
2023-04-21,FUTURE_VOL_REUTERS,1SM,140
2023-04-21,FUTURE_VOL_REUTERS,1SM,150
2023-06-23,FUTURE_VOL_REUTERS,1SM,50
2023-06-23,FUTURE_VOL_REUTERS,1SM,60
2023-06-23,FUTURE_VOL_REUTERS,1SM,70
2023-06-23,FUTURE_VOL_REUTERS,1SM,75
2023-06-23,FUTURE_VOL_REUTERS,1SM,80
2023-06-23,FUTURE_VOL_REUTERS,1SM,85
2023-06-23,FUTURE_VOL_REUTERS,1SM,90
2023-06-23,FUTURE_VOL_REUTERS,1SM,95
2023-06-23,FUTURE_VOL_REUTERS,1SM,100
2023-06-23,FUTURE_VOL_REUTERS,1SM,105
2023-06-23,FUTURE_VOL_REUTERS,1SM,110
2023-06-23,FUTURE_VOL_REUTERS,1SM,115
2023-06-23,FUTURE_VOL_REUTERS,1SM,120
2023-06-23,FUTURE_VOL_REUTERS,1SM,125
2023-06-23,FUTURE_VOL_REUTERS,1SM,130
2023-06-23,FUTURE_VOL_REUTERS,1SM,140
2023-06-23,FUTURE_VOL_REUTERS,1SM,150
2023-07-21,FUTURE_VOL_REUTERS,1SM,50
2023-07-21,FUTURE_VOL_REUTERS,1SM,60
2023-07-21,FUTURE_VOL_REUTERS,1SM,70
2023-07-21,FUTURE_VOL_REUTERS,1SM,75
2023-07-21,FUTURE_VOL_REUTERS,1SM,80
2023-07-21,FUTURE_VOL_REUTERS,1SM,85
2023-07-21,FUTURE_VOL_REUTERS,1SM,90
2023-07-21,FUTURE_VOL_REUTERS,1SM,95
2023-07-21,FUTURE_VOL_REUTERS,1SM,100
2023-07-21,FUTURE_VOL_REUTERS,1SM,105
2023-07-21,FUTURE_VOL_REUTERS,1SM,110
2023-07-21,FUTURE_VOL_REUTERS,1SM,115
2023-07-21,FUTURE_VOL_REUTERS,1SM,120
2023-07-21,FUTURE_VOL_REUTERS,1SM,125
2023-07-21,FUTURE_VOL_REUTERS,1SM,130
2023-07-21,FUTURE_VOL_REUTERS,1SM,140
2023-07-21,FUTURE_VOL_REUTERS,1SM,150
2023-11-24,FUTURE_VOL_REUTERS,1SM,50
2023-11-24,FUTURE_VOL_REUTERS,1SM,60
2023-11-24,FUTURE_VOL_REUTERS,1SM,70
2023-11-24,FUTURE_VOL_REUTERS,1SM,75
2023-11-24,FUTURE_VOL_REUTERS,1SM,80
2023-11-24,FUTURE_VOL_REUTERS,1SM,85
2023-11-24,FUTURE_VOL_REUTERS,1SM,90
2023-11-24,FUTURE_VOL_REUTERS,1SM,95
2023-11-24,FUTURE_VOL_REUTERS,1SM,100
2023-11-24,FUTURE_VOL_REUTERS,1SM,105
2023-11-24,FUTURE_VOL_REUTERS,1SM,110
2023-11-24,FUTURE_VOL_REUTERS,1SM,115
2023-11-24,FUTURE_VOL_REUTERS,1SM,120
2023-11-24,FUTURE_VOL_REUTERS,1SM,125
2023-11-24,FUTURE_VOL_REUTERS,1SM,130
2023-11-24,FUTURE_VOL_REUTERS,1SM,140
2023-11-24,FUTURE_VOL_REUTERS,1SM,150
2022-05-20,FUTURE_VOL_REUTERS,1W,50
2022-05-20,FUTURE_VOL_REUTERS,1W,60
2022-05-20,FUTURE_VOL_REUTERS,1W,70
2022-05-20,FUTURE_VOL_REUTERS,1W,75
2022-05-20,FUTURE_VOL_REUTERS,1W,80
2022-05-20,FUTURE_VOL_REUTERS,1W,85
2022-05-20,FUTURE_VOL_REUTERS,1W,90
2022-05-20,FUTURE_VOL_REUTERS,1W,95
2022-05-20,FUTURE_VOL_REUTERS,1W,100
2022-05-20,FUTURE_VOL_REUTERS,1W,105
2022-05-20,FUTURE_VOL_REUTERS,1W,110
2022-05-20,FUTURE_VOL_REUTERS,1W,115
2022-05-20,FUTURE_VOL_REUTERS,1W,120
2022-05-20,FUTURE_VOL_REUTERS,1W,125
2022-05-20,FUTURE_VOL_REUTERS,1W,130
2022-05-20,FUTURE_VOL_REUTERS,1W,140
2022-05-20,FUTURE_VOL_REUTERS,1W,150
2022-06-24,FUTURE_VOL_REUTERS,1W,50
2022-06-24,FUTURE_VOL_REUTERS,1W,60
2022-06-24,FUTURE_VOL_REUTERS,1W,70
2022-06-24,FUTURE_VOL_REUTERS,1W,75
2022-06-24,FUTURE_VOL_REUTERS,1W,80
2022-06-24,FUTURE_VOL_REUTERS,1W,85
2022-06-24,FUTURE_VOL_REUTERS,1W,90
2022-06-24,FUTURE_VOL_REUTERS,1W,95
2022-06-24,FUTURE_VOL_REUTERS,1W,100
2022-06-24,FUTURE_VOL_REUTERS,1W,105
2022-06-24,FUTURE_VOL_REUTERS,1W,110
2022-06-24,FUTURE_VOL_REUTERS,1W,115
2022-06-24,FUTURE_VOL_REUTERS,1W,120
2022-06-24,FUTURE_VOL_REUTERS,1W,125
2022-06-24,FUTURE_VOL_REUTERS,1W,130
2022-06-24,FUTURE_VOL_REUTERS,1W,140
2022-06-24,FUTURE_VOL_REUTERS,1W,150
2022-07-22,FUTURE_VOL_REUTERS,1W,50
2022-07-22,FUTURE_VOL_REUTERS,1W,60
2022-07-22,FUTURE_VOL_REUTERS,1W,70
2022-07-22,FUTURE_VOL_REUTERS,1W,75
2022-07-22,FUTURE_VOL_REUTERS,1W,80
2022-07-22,FUTURE_VOL_REUTERS,1W,85
2022-07-22,FUTURE_VOL_REUTERS,1W,90
2022-07-22,FUTURE_VOL_REUTERS,1W,95
2022-07-22,FUTURE_VOL_REUTERS,1W,100
2022-07-22,FUTURE_VOL_REUTERS,1W,105
2022-07-22,FUTURE_VOL_REUTERS,1W,110
2022-07-22,FUTURE_VOL_REUTERS,1W,115
2022-07-22,FUTURE_VOL_REUTERS,1W,120
2022-07-22,FUTURE_VOL_REUTERS,1W,125
2022-07-22,FUTURE_VOL_REUTERS,1W,130
2022-07-22,FUTURE_VOL_REUTERS,1W,140
2022-07-22,FUTURE_VOL_REUTERS,1W,150
2022-08-26,FUTURE_VOL_REUTERS,1W,50
2022-08-26,FUTURE_VOL_REUTERS,1W,60
2022-08-26,FUTURE_VOL_REUTERS,1W,70
2022-08-26,FUTURE_VOL_REUTERS,1W,75
2022-08-26,FUTURE_VOL_REUTERS,1W,80
2022-08-26,FUTURE_VOL_REUTERS,1W,85
2022-08-26,FUTURE_VOL_REUTERS,1W,90
2022-08-26,FUTURE_VOL_REUTERS,1W,95
2022-08-26,FUTURE_VOL_REUTERS,1W,100
2022-08-26,FUTURE_VOL_REUTERS,1W,105
2022-08-26,FUTURE_VOL_REUTERS,1W,110
2022-08-26,FUTURE_VOL_REUTERS,1W,115
2022-08-26,FUTURE_VOL_REUTERS,1W,120
2022-08-26,FUTURE_VOL_REUTERS,1W,125
2022-08-26,FUTURE_VOL_REUTERS,1W,130
2022-08-26,FUTURE_VOL_REUTERS,1W,140
2022-08-26,FUTURE_VOL_REUTERS,1W,150
2022-11-25,FUTURE_VOL_REUTERS,1W,50
2022-11-25,FUTURE_VOL_REUTERS,1W,60
2022-11-25,FUTURE_VOL_REUTERS,1W,70
2022-11-25,FUTURE_VOL_REUTERS,1W,75
2022-11-25,FUTURE_VOL_REUTERS,1W,80
2022-11-25,FUTURE_VOL_REUTERS,1W,85
2022-11-25,FUTURE_VOL_REUTERS,1W,90
2022-11-25,FUTURE_VOL_REUTERS,1W,95
2022-11-25,FUTURE_VOL_REUTERS,1W,100
2022-11-25,FUTURE_VOL_REUTERS,1W,105
2022-11-25,FUTURE_VOL_REUTERS,1W,110
2022-11-25,FUTURE_VOL_REUTERS,1W,115
2022-11-25,FUTURE_VOL_REUTERS,1W,120
2022-11-25,FUTURE_VOL_REUTERS,1W,125
2022-11-25,FUTURE_VOL_REUTERS,1W,130
2022-11-25,FUTURE_VOL_REUTERS,1W,140
2022-11-25,FUTURE_VOL_REUTERS,1W,150
2023-02-24,FUTURE_VOL_REUTERS,1W,50
2023-02-24,FUTURE_VOL_REUTERS,1W,60
2023-02-24,FUTURE_VOL_REUTERS,1W,70
2023-02-24,FUTURE_VOL_REUTERS,1W,75
2023-02-24,FUTURE_VOL_REUTERS,1W,80
2023-02-24,FUTURE_VOL_REUTERS,1W,85
2023-02-24,FUTURE_VOL_REUTERS,1W,90
2023-02-24,FUTURE_VOL_REUTERS,1W,95
2023-02-24,FUTURE_VOL_REUTERS,1W,100
2023-02-24,FUTURE_VOL_REUTERS,1W,105
2023-02-24,FUTURE_VOL_REUTERS,1W,110
2023-02-24,FUTURE_VOL_REUTERS,1W,115
2023-02-24,FUTURE_VOL_REUTERS,1W,120
2023-02-24,FUTURE_VOL_REUTERS,1W,125
2023-02-24,FUTURE_VOL_REUTERS,1W,130
2023-02-24,FUTURE_VOL_REUTERS,1W,140
2023-02-24,FUTURE_VOL_REUTERS,1W,150
2023-04-21,FUTURE_VOL_REUTERS,1W,50
2023-04-21,FUTURE_VOL_REUTERS,1W,60
2023-04-21,FUTURE_VOL_REUTERS,1W,70
2023-04-21,FUTURE_VOL_REUTERS,1W,75
2023-04-21,FUTURE_VOL_REUTERS,1W,80
2023-04-21,FUTURE_VOL_REUTERS,1W,85
2023-04-21,FUTURE_VOL_REUTERS,1W,90
2023-04-21,FUTURE_VOL_REUTERS,1W,95
2023-04-21,FUTURE_VOL_REUTERS,1W,100
2023-04-21,FUTURE_VOL_REUTERS,1W,105
2023-04-21,FUTURE_VOL_REUTERS,1W,110
2023-04-21,FUTURE_VOL_REUTERS,1W,115
2023-04-21,FUTURE_VOL_REUTERS,1W,120
2023-04-21,FUTURE_VOL_REUTERS,1W,125
2023-04-21,FUTURE_VOL_REUTERS,1W,130
2023-04-21,FUTURE_VOL_REUTERS,1W,140
2023-04-21,FUTURE_VOL_REUTERS,1W,150
2023-06-23,FUTURE_VOL_REUTERS,1W,50
2023-06-23,FUTURE_VOL_REUTERS,1W,60
2023-06-23,FUTURE_VOL_REUTERS,1W,70
2023-06-23,FUTURE_VOL_REUTERS,1W,75
2023-06-23,FUTURE_VOL_REUTERS,1W,80
2023-06-23,FUTURE_VOL_REUTERS,1W,85
2023-06-23,FUTURE_VOL_REUTERS,1W,90
2023-06-23,FUTURE_VOL_REUTERS,1W,95
2023-06-23,FUTURE_VOL_REUTERS,1W,100
2023-06-23,FUTURE_VOL_REUTERS,1W,105
2023-06-23,FUTURE_VOL_REUTERS,1W,110
2023-06-23,FUTURE_VOL_REUTERS,1W,115
2023-06-23,FUTURE_VOL_REUTERS,1W,120
2023-06-23,FUTURE_VOL_REUTERS,1W,125
2023-06-23,FUTURE_VOL_REUTERS,1W,130
2023-06-23,FUTURE_VOL_REUTERS,1W,140
2023-06-23,FUTURE_VOL_REUTERS,1W,150
